<?xml version="1.0"?>
<Themes xmlns:xsi="http://www.w3.org/2001/XMLSchema-instance" xmlns:xsd="http://www.w3.org/2001/XMLSchema">
  <SkinButtonLeft>
    <X>0</X>
    <Y>40</Y>
    <Width>10</Width>
    <Height>22</Height>
    <Location>
      <X>0</X>
      <Y>40</Y>
    </Location>
  </SkinButtonLeft>
  <SkinButtonRight>
    <X>40</X>
    <Y>40</Y>
    <Width>10</Width>
    <Height>22</Height>
    <Location>
      <X>40</X>
      <Y>40</Y>
    </Location>
  </SkinButtonRight>
  <SkinButtonMiddle>
    <X>10</X>
    <Y>40</Y>
    <Width>30</Width>
    <Height>22</Height>
    <Location>
      <X>10</X>
      <Y>40</Y>
    </Location>
  </SkinButtonMiddle>
  <SkinChartTopLeft>
    <X>130</X>
    <Y>0</Y>
    <Width>4</Width>
    <Height>4</Height>
    <Location>
      <X>130</X>
      <Y>0</Y>
    </Location>
  </SkinChartTopLeft>
  <SkinChartTopRight>
    <X>146</X>
    <Y>0</Y>
    <Width>4</Width>
    <Height>4</Height>
    <Location>
      <X>146</X>
      <Y>0</Y>
    </Location>
  </SkinChartTopRight>
  <SkinChartTop>
    <X>134</X>
    <Y>0</Y>
    <Width>12</Width>
    <Height>4</Height>
    <Location>
      <X>134</X>
      <Y>0</Y>
    </Location>
  </SkinChartTop>
  <SkinChartLeft>
    <X>130</X>
    <Y>4</Y>
    <Width>4</Width>
    <Height>12</Height>
    <Location>
      <X>130</X>
      <Y>4</Y>
    </Location>
  </SkinChartLeft>
  <SkinChartRight>
    <X>146</X>
    <Y>4</Y>
    <Width>4</Width>
    <Height>12</Height>
    <Location>
      <X>146</X>
      <Y>4</Y>
    </Location>
  </SkinChartRight>
  <SkinChartBottomLeft>
    <X>130</X>
    <Y>16</Y>
    <Width>4</Width>
    <Height>4</Height>
    <Location>
      <X>130</X>
      <Y>16</Y>
    </Location>
  </SkinChartBottomLeft>
  <SkinChartBottomRight>
    <X>146</X>
    <Y>16</Y>
    <Width>4</Width>
    <Height>4</Height>
    <Location>
      <X>146</X>
      <Y>16</Y>
    </Location>
  </SkinChartBottomRight>
  <SkinChartBottom>
    <X>134</X>
    <Y>16</Y>
    <Width>12</Width>
    <Height>4</Height>
    <Location>
      <X>134</X>
      <Y>16</Y>
    </Location>
  </SkinChartBottom>
  <SkinChartMiddle>
    <X>134</X>
    <Y>4</Y>
    <Width>12</Width>
    <Height>12</Height>
    <Location>
      <X>134</X>
      <Y>4</Y>
    </Location>
  </SkinChartMiddle>
  <SkinCheckBoxChecked>
    <X>70</X>
    <Y>0</Y>
    <Width>20</Width>
    <Height>20</Height>
    <Location>
      <X>70</X>
      <Y>0</Y>
    </Location>
  </SkinCheckBoxChecked>
  <SkinCheckBox>
    <X>50</X>
    <Y>0</Y>
    <Width>20</Width>
    <Height>20</Height>
    <Location>
      <X>50</X>
      <Y>0</Y>
    </Location>
  </SkinCheckBox>
  <SkinGroupBoxTopLeft>
    <X>130</X>
    <Y>0</Y>
    <Width>4</Width>
    <Height>4</Height>
    <Location>
      <X>130</X>
      <Y>0</Y>
    </Location>
  </SkinGroupBoxTopLeft>
  <SkinGroupBoxTopRight>
    <X>146</X>
    <Y>0</Y>
    <Width>4</Width>
    <Height>4</Height>
    <Location>
      <X>146</X>
      <Y>0</Y>
    </Location>
  </SkinGroupBoxTopRight>
  <SkinGroupBoxTop>
    <X>134</X>
    <Y>0</Y>
    <Width>12</Width>
    <Height>4</Height>
    <Location>
      <X>134</X>
      <Y>0</Y>
    </Location>
  </SkinGroupBoxTop>
  <SkinGroupBoxLeft>
    <X>130</X>
    <Y>4</Y>
    <Width>4</Width>
    <Height>12</Height>
    <Location>
      <X>130</X>
      <Y>4</Y>
    </Location>
  </SkinGroupBoxLeft>
  <SkinGroupBoxRight>
    <X>146</X>
    <Y>4</Y>
    <Width>4</Width>
    <Height>12</Height>
    <Location>
      <X>146</X>
      <Y>4</Y>
    </Location>
  </SkinGroupBoxRight>
  <SkinGroupBoxBottomLeft>
    <X>130</X>
    <Y>16</Y>
    <Width>4</Width>
    <Height>4</Height>
    <Location>
      <X>130</X>
      <Y>16</Y>
    </Location>
  </SkinGroupBoxBottomLeft>
  <SkinGroupBoxBottomRight>
    <X>146</X>
    <Y>16</Y>
    <Width>4</Width>
    <Height>4</Height>
    <Location>
      <X>146</X>
      <Y>16</Y>
    </Location>
  </SkinGroupBoxBottomRight>
  <SkinGroupBoxBottom>
    <X>134</X>
    <Y>16</Y>
    <Width>12</Width>
    <Height>4</Height>
    <Location>
      <X>134</X>
      <Y>16</Y>
    </Location>
  </SkinGroupBoxBottom>
  <SkinGroupBoxMiddle>
    <X>134</X>
    <Y>4</Y>
    <Width>12</Width>
    <Height>12</Height>
    <Location>
      <X>134</X>
      <Y>4</Y>
    </Location>
  </SkinGroupBoxMiddle>
  <SkinListBoxTopLeft>
    <X>30</X>
    <Y>0</Y>
    <Width>4</Width>
    <Height>4</Height>
    <Location>
      <X>30</X>
      <Y>0</Y>
    </Location>
  </SkinListBoxTopLeft>
  <SkinListBoxTopRight>
    <X>46</X>
    <Y>0</Y>
    <Width>4</Width>
    <Height>4</Height>
    <Location>
      <X>46</X>
      <Y>0</Y>
    </Location>
  </SkinListBoxTopRight>
  <SkinListBoxTop>
    <X>34</X>
    <Y>0</Y>
    <Width>12</Width>
    <Height>4</Height>
    <Location>
      <X>34</X>
      <Y>0</Y>
    </Location>
  </SkinListBoxTop>
  <SkinListBoxLeft>
    <X>30</X>
    <Y>4</Y>
    <Width>4</Width>
    <Height>12</Height>
    <Location>
      <X>30</X>
      <Y>4</Y>
    </Location>
  </SkinListBoxLeft>
  <SkinListBoxRight>
    <X>46</X>
    <Y>4</Y>
    <Width>4</Width>
    <Height>12</Height>
    <Location>
      <X>46</X>
      <Y>4</Y>
    </Location>
  </SkinListBoxRight>
  <SkinListBoxBottomLeft>
    <X>30</X>
    <Y>16</Y>
    <Width>4</Width>
    <Height>4</Height>
    <Location>
      <X>30</X>
      <Y>16</Y>
    </Location>
  </SkinListBoxBottomLeft>
  <SkinListBoxBottomRight>
    <X>46</X>
    <Y>16</Y>
    <Width>4</Width>
    <Height>4</Height>
    <Location>
      <X>46</X>
      <Y>16</Y>
    </Location>
  </SkinListBoxBottomRight>
  <SkinListBoxBottom>
    <X>34</X>
    <Y>16</Y>
    <Width>12</Width>
    <Height>4</Height>
    <Location>
      <X>34</X>
      <Y>16</Y>
    </Location>
  </SkinListBoxBottom>
  <SkinListBoxMiddle>
    <X>34</X>
    <Y>4</Y>
    <Width>12</Width>
    <Height>12</Height>
    <Location>
      <X>34</X>
      <Y>4</Y>
    </Location>
  </SkinListBoxMiddle>
  <SkinListBoxScrollbarTop>
    <X>110</X>
    <Y>20</Y>
    <Width>14</Width>
    <Height>10</Height>
    <Location>
      <X>110</X>
      <Y>20</Y>
    </Location>
  </SkinListBoxScrollbarTop>
  <SkinListBoxScrollbarBottom>
    <X>110</X>
    <Y>40</Y>
    <Width>14</Width>
    <Height>10</Height>
    <Location>
      <X>110</X>
      <Y>40</Y>
    </Location>
  </SkinListBoxScrollbarBottom>
  <SkinListBoxScrollbarMiddle>
    <X>110</X>
    <Y>30</Y>
    <Width>14</Width>
    <Height>8</Height>
    <Location>
      <X>110</X>
      <Y>30</Y>
    </Location>
  </SkinListBoxScrollbarMiddle>
  <SkinListBoxScrollerTop>
    <X>130</X>
    <Y>20</Y>
    <Width>14</Width>
    <Height>10</Height>
    <Location>
      <X>130</X>
      <Y>20</Y>
    </Location>
  </SkinListBoxScrollerTop>
  <SkinListBoxScrollerBottom>
    <X>130</X>
    <Y>40</Y>
    <Width>14</Width>
    <Height>10</Height>
    <Location>
      <X>130</X>
      <Y>40</Y>
    </Location>
  </SkinListBoxScrollerBottom>
  <SkinListBoxScrollerMiddle>
    <X>130</X>
    <Y>30</Y>
    <Width>14</Width>
    <Height>10</Height>
    <Location>
      <X>130</X>
      <Y>30</Y>
    </Location>
  </SkinListBoxScrollerMiddle>
  <SkinListBoxSelectedBackground>
    <X>60</X>
    <Y>70</Y>
    <Width>10</Width>
    <Height>20</Height>
    <Location>
      <X>60</X>
      <Y>70</Y>
    </Location>
  </SkinListBoxSelectedBackground>
  <SkinProgressLeft>
    <X>30</X>
    <Y>0</Y>
    <Width>4</Width>
    <Height>20</Height>
    <Location>
      <X>30</X>
      <Y>0</Y>
    </Location>
  </SkinProgressLeft>
  <SkinProgressRight>
    <X>46</X>
    <Y>0</Y>
    <Width>4</Width>
    <Height>20</Height>
    <Location>
      <X>46</X>
      <Y>0</Y>
    </Location>
  </SkinProgressRight>
  <SkinProgressTop>
    <X>34</X>
    <Y>0</Y>
    <Width>12</Width>
    <Height>4</Height>
    <Location>
      <X>34</X>
      <Y>0</Y>
    </Location>
  </SkinProgressTop>
  <SkinProgressBottom>
    <X>34</X>
    <Y>16</Y>
    <Width>12</Width>
    <Height>4</Height>
    <Location>
      <X>34</X>
      <Y>16</Y>
    </Location>
  </SkinProgressBottom>
  <SkinProgressMiddle>
    <X>34</X>
    <Y>4</Y>
    <Width>12</Width>
    <Height>12</Height>
    <Location>
      <X>34</X>
      <Y>4</Y>
    </Location>
  </SkinProgressMiddle>
  <SkinProgressIndicator>
    <X>50</X>
    <Y>70</Y>
    <Width>10</Width>
    <Height>20</Height>
    <Location>
      <X>50</X>
      <Y>70</Y>
    </Location>
  </SkinProgressIndicator>
  <SkinRadioButtonChecked>
    <X>90</X>
    <Y>0</Y>
    <Width>20</Width>
    <Height>20</Height>
    <Location>
      <X>90</X>
      <Y>0</Y>
    </Location>
  </SkinRadioButtonChecked>
  <SkinRadioButton>
    <X>110</X>
    <Y>0</Y>
    <Width>20</Width>
    <Height>20</Height>
    <Location>
      <X>110</X>
      <Y>0</Y>
    </Location>
  </SkinRadioButton>
  <SkinTabsContainerLeft>
    <X>50</X>
    <Y>50</Y>
    <Width>10</Width>
    <Height>10</Height>
    <Location>
      <X>50</X>
      <Y>50</Y>
    </Location>
  </SkinTabsContainerLeft>
  <SkinTabsContainerBottomLeft>
    <X>50</X>
    <Y>60</Y>
    <Width>10</Width>
    <Height>10</Height>
    <Location>
      <X>50</X>
      <Y>60</Y>
    </Location>
  </SkinTabsContainerBottomLeft>
  <SkinTabsContainerRight>
    <X>100</X>
    <Y>50</Y>
    <Width>10</Width>
    <Height>10</Height>
    <Location>
      <X>100</X>
      <Y>50</Y>
    </Location>
  </SkinTabsContainerRight>
  <SkinTabsContainerTopRight>
    <X>100</X>
    <Y>40</Y>
    <Width>10</Width>
    <Height>10</Height>
    <Location>
      <X>100</X>
      <Y>40</Y>
    </Location>
  </SkinTabsContainerTopRight>
  <SkinTabsContainerBottomRight>
    <X>100</X>
    <Y>60</Y>
    <Width>10</Width>
    <Height>10</Height>
    <Location>
      <X>100</X>
      <Y>60</Y>
    </Location>
  </SkinTabsContainerBottomRight>
  <SkinTabsContainerBottom>
    <X>60</X>
    <Y>60</Y>
    <Width>10</Width>
    <Height>10</Height>
    <Location>
      <X>60</X>
      <Y>60</Y>
    </Location>
  </SkinTabsContainerBottom>
  <SkinTabsContainerMiddle>
    <X>60</X>
    <Y>50</Y>
    <Width>10</Width>
    <Height>10</Height>
    <Location>
      <X>60</X>
      <Y>50</Y>
    </Location>
  </SkinTabsContainerMiddle>
  <SkinTabsContainerTop>
    <X>75</X>
    <Y>40</Y>
    <Width>1</Width>
    <Height>10</Height>
    <Location>
      <X>75</X>
      <Y>40</Y>
    </Location>
  </SkinTabsContainerTop>
  <SkinCurrentTabLeft>
    <X>50</X>
    <Y>20</Y>
    <Width>8</Width>
    <Height>26</Height>
    <Location>
      <X>50</X>
      <Y>20</Y>
    </Location>
  </SkinCurrentTabLeft>
  <SkinCurrentTabMiddle>
    <X>58</X>
    <Y>20</Y>
    <Width>4</Width>
    <Height>26</Height>
    <Location>
      <X>58</X>
      <Y>20</Y>
    </Location>
  </SkinCurrentTabMiddle>
  <SkinCurrentTabRight>
    <X>62</X>
    <Y>20</Y>
    <Width>8</Width>
    <Height>26</Height>
    <Location>
      <X>62</X>
      <Y>20</Y>
    </Location>
  </SkinCurrentTabRight>
  <SkinTabLeft>
    <X>80</X>
    <Y>20</Y>
    <Width>8</Width>
    <Height>26</Height>
    <Location>
      <X>80</X>
      <Y>20</Y>
    </Location>
  </SkinTabLeft>
  <SkinTabMiddle>
    <X>88</X>
    <Y>20</Y>
    <Width>4</Width>
    <Height>26</Height>
    <Location>
      <X>88</X>
      <Y>20</Y>
    </Location>
  </SkinTabMiddle>
  <SkinTabRight>
    <X>92</X>
    <Y>20</Y>
    <Width>8</Width>
    <Height>26</Height>
    <Location>
      <X>92</X>
      <Y>20</Y>
    </Location>
  </SkinTabRight>
  <SkinTextAreaTopLeft>
    <X>30</X>
    <Y>0</Y>
    <Width>4</Width>
    <Height>4</Height>
    <Location>
      <X>30</X>
      <Y>0</Y>
    </Location>
  </SkinTextAreaTopLeft>
  <SkinTextAreaTopRight>
    <X>46</X>
    <Y>0</Y>
    <Width>4</Width>
    <Height>4</Height>
    <Location>
      <X>46</X>
      <Y>0</Y>
    </Location>
  </SkinTextAreaTopRight>
  <SkinTextAreaTop>
    <X>34</X>
    <Y>0</Y>
    <Width>12</Width>
    <Height>4</Height>
    <Location>
      <X>34</X>
      <Y>0</Y>
    </Location>
  </SkinTextAreaTop>
  <SkinTextAreaLeft>
    <X>30</X>
    <Y>4</Y>
    <Width>4</Width>
    <Height>12</Height>
    <Location>
      <X>30</X>
      <Y>4</Y>
    </Location>
  </SkinTextAreaLeft>
  <SkinTextAreaRight>
    <X>46</X>
    <Y>4</Y>
    <Width>4</Width>
    <Height>12</Height>
    <Location>
      <X>46</X>
      <Y>4</Y>
    </Location>
  </SkinTextAreaRight>
  <SkinTextAreaBottomLeft>
    <X>30</X>
    <Y>16</Y>
    <Width>4</Width>
    <Height>4</Height>
    <Location>
      <X>30</X>
      <Y>16</Y>
    </Location>
  </SkinTextAreaBottomLeft>
  <SkinTextAreaBottomRight>
    <X>46</X>
    <Y>16</Y>
    <Width>4</Width>
    <Height>4</Height>
    <Location>
      <X>46</X>
      <Y>16</Y>
    </Location>
  </SkinTextAreaBottomRight>
  <SkinTextAreaBottom>
    <X>34</X>
    <Y>16</Y>
    <Width>12</Width>
    <Height>4</Height>
    <Location>
      <X>34</X>
      <Y>16</Y>
    </Location>
  </SkinTextAreaBottom>
  <SkinTextAreaMiddle>
    <X>34</X>
    <Y>4</Y>
    <Width>12</Width>
    <Height>12</Height>
    <Location>
      <X>34</X>
      <Y>4</Y>
    </Location>
  </SkinTextAreaMiddle>
  <SkinTextAreaScrollbarTop>
    <X>110</X>
    <Y>20</Y>
    <Width>14</Width>
    <Height>10</Height>
    <Location>
      <X>110</X>
      <Y>20</Y>
    </Location>
  </SkinTextAreaScrollbarTop>
  <SkinTextAreaScrollbarBottom>
    <X>110</X>
    <Y>40</Y>
    <Width>14</Width>
    <Height>10</Height>
    <Location>
      <X>110</X>
      <Y>40</Y>
    </Location>
  </SkinTextAreaScrollbarBottom>
  <SkinTextAreaScrollbarMiddle>
    <X>110</X>
    <Y>30</Y>
    <Width>14</Width>
    <Height>8</Height>
    <Location>
      <X>110</X>
      <Y>30</Y>
    </Location>
  </SkinTextAreaScrollbarMiddle>
  <SkinTextAreaScrollerTop>
    <X>130</X>
    <Y>20</Y>
    <Width>14</Width>
    <Height>10</Height>
    <Location>
      <X>130</X>
      <Y>20</Y>
    </Location>
  </SkinTextAreaScrollerTop>
  <SkinTextAreaScrollerBottom>
    <X>130</X>
    <Y>40</Y>
    <Width>14</Width>
    <Height>10</Height>
    <Location>
      <X>130</X>
      <Y>40</Y>
    </Location>
  </SkinTextAreaScrollerBottom>
  <SkinTextAreaScrollerMiddle>
    <X>130</X>
    <Y>30</Y>
    <Width>14</Width>
    <Height>10</Height>
    <Location>
      <X>130</X>
      <Y>30</Y>
    </Location>
  </SkinTextAreaScrollerMiddle>
  <SkinTextAreaSelectedBackground>
    <X>60</X>
    <Y>70</Y>
    <Width>10</Width>
    <Height>20</Height>
    <Location>
      <X>60</X>
      <Y>70</Y>
    </Location>
  </SkinTextAreaSelectedBackground>
  <SkinTextBoxLeft>
    <X>30</X>
    <Y>0</Y>
    <Width>4</Width>
    <Height>20</Height>
    <Location>
      <X>30</X>
      <Y>0</Y>
    </Location>
  </SkinTextBoxLeft>
  <SkinTextBoxRight>
    <X>46</X>
    <Y>0</Y>
    <Width>4</Width>
    <Height>20</Height>
    <Location>
      <X>46</X>
      <Y>0</Y>
    </Location>
  </SkinTextBoxRight>
  <SkinTextBoxTop>
    <X>34</X>
    <Y>0</Y>
    <Width>12</Width>
    <Height>4</Height>
    <Location>
      <X>34</X>
      <Y>0</Y>
    </Location>
  </SkinTextBoxTop>
  <SkinTextBoxBottom>
    <X>34</X>
    <Y>16</Y>
    <Width>12</Width>
    <Height>4</Height>
    <Location>
      <X>34</X>
      <Y>16</Y>
    </Location>
  </SkinTextBoxBottom>
  <SkinTextBoxMiddle>
    <X>34</X>
    <Y>4</Y>
    <Width>12</Width>
    <Height>12</Height>
    <Location>
      <X>34</X>
      <Y>4</Y>
    </Location>
  </SkinTextBoxMiddle>
  <SkinWindowTitleLeft>
    <X>0</X>
    <Y>0</Y>
    <Width>10</Width>
    <Height>24</Height>
    <Location>
      <X>0</X>
      <Y>0</Y>
    </Location>
  </SkinWindowTitleLeft>
  <SkinWindowTitleRight>
    <X>20</X>
    <Y>0</Y>
    <Width>10</Width>
    <Height>24</Height>
    <Location>
      <X>20</X>
      <Y>0</Y>
    </Location>
  </SkinWindowTitleRight>
  <SkinWindowTitle>
    <X>10</X>
    <Y>0</Y>
    <Width>10</Width>
    <Height>24</Height>
    <Location>
      <X>10</X>
      <Y>0</Y>
    </Location>
  </SkinWindowTitle>
  <SkinWindowLeft>
    <X>0</X>
    <Y>24</Y>
    <Width>10</Width>
    <Height>8</Height>
    <Location>
      <X>0</X>
      <Y>24</Y>
    </Location>
  </SkinWindowLeft>
  <SkinWindowBottomLeft>
    <X>0</X>
    <Y>32</Y>
    <Width>10</Width>
    <Height>8</Height>
    <Location>
      <X>0</X>
      <Y>32</Y>
    </Location>
  </SkinWindowBottomLeft>
  <SkinWindowRight>
    <X>20</X>
    <Y>24</Y>
    <Width>10</Width>
    <Height>8</Height>
    <Location>
      <X>20</X>
      <Y>24</Y>
    </Location>
  </SkinWindowRight>
  <SkinWindowBottomRight>
    <X>20</X>
    <Y>32</Y>
    <Width>10</Width>
    <Height>8</Height>
    <Location>
      <X>20</X>
      <Y>32</Y>
    </Location>
  </SkinWindowBottomRight>
  <SkinWindowBottom>
    <X>10</X>
    <Y>32</Y>
    <Width>10</Width>
    <Height>8</Height>
    <Location>
      <X>10</X>
      <Y>32</Y>
    </Location>
  </SkinWindowBottom>
  <SkinWindowBody>
    <X>10</X>
    <Y>24</Y>
    <Width>10</Width>
    <Height>8</Height>
    <Location>
      <X>10</X>
      <Y>24</Y>
    </Location>
  </SkinWindowBody>
  <SkinHintTopLeft>
    <X>0</X>
    <Y>90</Y>
    <Width>10</Width>
    <Height>10</Height>
    <Location>
      <X>0</X>
      <Y>90</Y>
    </Location>
  </SkinHintTopLeft>
  <SkinHintTopRight>
    <X>40</X>
    <Y>90</Y>
    <Width>10</Width>
    <Height>10</Height>
    <Location>
      <X>40</X>
      <Y>90</Y>
    </Location>
  </SkinHintTopRight>
  <SkinHintBottomLeft>
    <X>0</X>
    <Y>120</Y>
    <Width>10</Width>
    <Height>10</Height>
    <Location>
      <X>0</X>
      <Y>120</Y>
    </Location>
  </SkinHintBottomLeft>
  <SkinHintBottomRight>
    <X>40</X>
    <Y>120</Y>
    <Width>10</Width>
    <Height>10</Height>
    <Location>
      <X>40</X>
      <Y>120</Y>
    </Location>
  </SkinHintBottomRight>
  <SkinHintTop>
    <X>10</X>
    <Y>90</Y>
    <Width>10</Width>
    <Height>10</Height>
    <Location>
      <X>10</X>
      <Y>90</Y>
    </Location>
  </SkinHintTop>
  <SkinHintBottom>
    <X>10</X>
    <Y>120</Y>
    <Width>10</Width>
    <Height>10</Height>
    <Location>
      <X>10</X>
      <Y>120</Y>
    </Location>
  </SkinHintBottom>
  <SkinHintLeft>
    <X>0</X>
    <Y>100</Y>
    <Width>10</Width>
    <Height>20</Height>
    <Location>
      <X>0</X>
      <Y>100</Y>
    </Location>
  </SkinHintLeft>
  <SkinHintRight>
    <X>40</X>
    <Y>100</Y>
    <Width>10</Width>
    <Height>20</Height>
    <Location>
      <X>40</X>
      <Y>100</Y>
    </Location>
  </SkinHintRight>
  <SkinHintMiddle>
    <X>10</X>
    <Y>100</Y>
    <Width>10</Width>
    <Height>20</Height>
    <Location>
      <X>10</X>
      <Y>100</Y>
    </Location>
  </SkinHintMiddle>
  <SkinHintTail>
    <X>20</X>
    <Y>129</Y>
    <Width>20</Width>
    <Height>20</Height>
    <Location>
      <X>20</X>
      <Y>129</Y>
    </Location>
  </SkinHintTail>
  <ButtonColor>
    <R>36</R>
    <G>36</G>
    <B>36</B>
    <A>255</A>
  </ButtonColor>
  <ButtonTintColor>
    <Color>
      <R>255</R>
      <G>255</G>
      <B>255</B>
      <A>255</A>
    </Color>
    <Color>
      <R>240</R>
      <G>240</G>
      <B>250</B>
      <A>255</A>
    </Color>
    <Color>
      <R>255</R>
      <G>255</G>
      <B>255</B>
      <A>255</A>
    </Color>
    <Color>
      <R>220</R>
      <G>220</G>
      <B>250</B>
      <A>255</A>
    </Color>
  </ButtonTintColor>
  <ButtonIconSpacing>4</ButtonIconSpacing>
  <ButtomIconScale>0.6</ButtomIconScale>
  <ChartColor>
    <R>64</R>
    <G>64</G>
    <B>70</B>
    <A>255</A>
  </ChartColor>
  <ChartTintColor>
    <Color>
      <R>255</R>
      <G>255</G>
      <B>255</B>
      <A>255</A>
    </Color>
    <Color>
      <R>255</R>
      <G>255</G>
      <B>255</B>
      <A>255</A>
    </Color>
    <Color>
      <R>255</R>
      <G>255</G>
      <B>255</B>
      <A>255</A>
    </Color>
    <Color>
      <R>255</R>
      <G>255</G>
      <B>255</B>
      <A>255</A>
    </Color>
  </ChartTintColor>
  <ChartMargin>20</ChartMargin>
  <CheckBoxColor>
    <R>64</R>
    <G>64</G>
    <B>70</B>
    <A>255</A>
  </CheckBoxColor>
  <CheckBoxTintColor>
    <Color>
      <R>255</R>
      <G>255</G>
      <B>255</B>
      <A>255</A>
    </Color>
    <Color>
      <R>255</R>
      <G>255</G>
      <B>255</B>
      <A>255</A>
    </Color>
    <Color>
      <R>255</R>
      <G>255</G>
      <B>255</B>
      <A>255</A>
    </Color>
    <Color>
      <R>255</R>
      <G>255</G>
      <B>255</B>
      <A>255</A>
    </Color>
  </CheckBoxTintColor>
  <CheckBoxSpacing>6</CheckBoxSpacing>
  <GroupBoxTitleColor>
    <R>64</R>
    <G>64</G>
    <B>70</B>
    <A>255</A>
  </GroupBoxTitleColor>
  <GroupBoxTintColor>
    <Color>
      <R>255</R>
      <G>255</G>
      <B>255</B>
      <A>255</A>
    </Color>
    <Color>
      <R>255</R>
      <G>255</G>
      <B>255</B>
      <A>255</A>
    </Color>
    <Color>
      <R>255</R>
      <G>255</G>
      <B>255</B>
      <A>255</A>
    </Color>
    <Color>
      <R>255</R>
      <G>255</G>
      <B>255</B>
      <A>255</A>
    </Color>
  </GroupBoxTintColor>
  <LabelTintColor>
    <Color>
      <R>64</R>
      <G>64</G>
      <B>70</B>
      <A>255</A>
    </Color>
    <Color>
      <R>64</R>
      <G>64</G>
      <B>70</B>
      <A>255</A>
    </Color>
    <Color>
      <R>64</R>
      <G>64</G>
      <B>70</B>
      <A>255</A>
    </Color>
    <Color>
      <R>64</R>
      <G>64</G>
      <B>70</B>
      <A>255</A>
    </Color>
  </LabelTintColor>
  <ListBoxItemColor>
    <R>36</R>
    <G>36</G>
    <B>36</B>
    <A>255</A>
  </ListBoxItemColor>
  <ListBoxSelectedItemColor>
    <R>36</R>
    <G>36</G>
    <B>36</B>
    <A>255</A>
  </ListBoxSelectedItemColor>
  <ListBoxTintColor>
    <Color>
      <R>255</R>
      <G>255</G>
      <B>255</B>
      <A>255</A>
    </Color>
    <Color>
      <R>255</R>
      <G>255</G>
      <B>255</B>
      <A>255</A>
    </Color>
    <Color>
      <R>255</R>
      <G>255</G>
      <B>255</B>
      <A>255</A>
    </Color>
    <Color>
      <R>255</R>
      <G>255</G>
      <B>255</B>
      <A>255</A>
    </Color>
  </ListBoxTintColor>
  <ListBoxIconSpacing>4</ListBoxIconSpacing>
  <ListBoxIconScale>0.6</ListBoxIconScale>
  <ProgressColor>
    <R>64</R>
    <G>64</G>
    <B>64</B>
    <A>255</A>
  </ProgressColor>
  <ProgressTintColor>
    <Color>
      <R>255</R>
      <G>255</G>
      <B>255</B>
      <A>255</A>
    </Color>
    <Color>
      <R>255</R>
      <G>255</G>
      <B>255</B>
      <A>255</A>
    </Color>
    <Color>
      <R>255</R>
      <G>255</G>
      <B>255</B>
      <A>255</A>
    </Color>
    <Color>
      <R>255</R>
      <G>255</G>
      <B>255</B>
      <A>255</A>
    </Color>
  </ProgressTintColor>
  <RadioButtonColor>
    <R>64</R>
    <G>64</G>
    <B>64</B>
    <A>255</A>
  </RadioButtonColor>
  <RadioButtonTintColor>
    <Color>
      <R>255</R>
      <G>255</G>
      <B>255</B>
      <A>255</A>
    </Color>
    <Color>
      <R>255</R>
      <G>255</G>
      <B>255</B>
      <A>255</A>
    </Color>
    <Color>
      <R>255</R>
      <G>255</G>
      <B>255</B>
      <A>255</A>
    </Color>
    <Color>
      <R>255</R>
      <G>255</G>
      <B>255</B>
      <A>255</A>
    </Color>
  </RadioButtonTintColor>
  <RadioButtonSpacing>6</RadioButtonSpacing>
  <TabColor>
    <R>64</R>
    <G>64</G>
    <B>64</B>
    <A>255</A>
  </TabColor>
  <TabColorInactive>
    <R>245</R>
    <G>245</G>
    <B>245</B>
    <A>255</A>
  </TabColorInactive>
  <TabTintColor>
    <R>230</R>
    <G>240</G>
    <B>250</B>
    <A>255</A>
  </TabTintColor>
  <TabsContainerTintColor>
    <Color>
      <R>255</R>
      <G>255</G>
      <B>255</B>
      <A>255</A>
    </Color>
    <Color>
      <R>255</R>
      <G>255</G>
      <B>255</B>
      <A>255</A>
    </Color>
    <Color>
      <R>255</R>
      <G>255</G>
      <B>255</B>
      <A>255</A>
    </Color>
    <Color>
      <R>255</R>
      <G>255</G>
      <B>255</B>
      <A>255</A>
    </Color>
  </TabsContainerTintColor>
  <TabSpacing>16</TabSpacing>
  <TextAreaColor>
    <R>36</R>
    <G>36</G>
    <B>36</B>
    <A>255</A>
  </TextAreaColor>
  <TextAreaTintColor>
    <Color>
      <R>255</R>
      <G>255</G>
      <B>255</B>
      <A>255</A>
    </Color>
    <Color>
      <R>255</R>
      <G>255</G>
      <B>255</B>
      <A>255</A>
    </Color>
    <Color>
      <R>255</R>
      <G>255</G>
      <B>255</B>
      <A>255</A>
    </Color>
    <Color>
      <R>255</R>
      <G>255</G>
      <B>255</B>
      <A>255</A>
    </Color>
  </TextAreaTintColor>
  <TextAreaItemHeight>16</TextAreaItemHeight>
  <TextBoxColor>
    <R>64</R>
    <G>64</G>
    <B>64</B>
    <A>255</A>
  </TextBoxColor>
  <TextBoxTintColor>
    <Color>
      <R>255</R>
      <G>255</G>
      <B>255</B>
      <A>255</A>
    </Color>
    <Color>
      <R>210</R>
      <G>215</G>
      <B>225</B>
      <A>255</A>
    </Color>
    <Color>
      <R>220</R>
      <G>230</G>
      <B>240</B>
      <A>255</A>
    </Color>
    <Color>
      <R>230</R>
      <G>230</G>
      <B>230</B>
      <A>255</A>
    </Color>
  </TextBoxTintColor>
  <WindowTitleColor>
    <R>72</R>
    <G>77</G>
    <B>84</B>
    <A>255</A>
  </WindowTitleColor>
  <WindowTintColor>
    <Color>
      <R>255</R>
      <G>255</G>
      <B>255</B>
      <A>255</A>
    </Color>
    <Color>
      <R>255</R>
      <G>255</G>
      <B>255</B>
      <A>255</A>
    </Color>
    <Color>
      <R>255</R>
      <G>255</G>
      <B>255</B>
      <A>255</A>
    </Color>
    <Color>
      <R>255</R>
      <G>255</G>
      <B>255</B>
      <A>255</A>
    </Color>
  </WindowTintColor>
  <HintColor>
    <R>64</R>
    <G>64</G>
    <B>72</B>
    <A>255</A>
  </HintColor>
  <HintTintColor>
    <R>255</R>
    <G>255</G>
    <B>255</B>
    <A>255</A>
  </HintTintColor>
  <HintTransparency>0.9</HintTransparency>
</Themes>
